	clock-like	APOBEC	Smoking	UV	Treatment
Patient control 1	0.6797962403876306	0.3754800360022962	1.5098514982406575	154.4976433374977	0.13808575727298733
Patient control 2	0.6617042142268014	1.5489017416220923	0.33287454753361523	0.2554509310900661	8.541083064160556
Patient control 3	5.010345101181572	1.5000725265965509	0.05500582838928997	0.3609197373256783	3.7384430177960684
Patient control 4	0.5601672857167916	0.9524101687899633	0.6537495165314211	2.007526890787442	0.23142265297643655
Patient control 5	2.0214068198013386	0.29802723492792843	0.029904200144311905	1.0379669764076989	0.4170437027107783
Patient control 6	5.154859534417703	9.094436577186354	2.3323105169180387	0.063409588542869	1.254097336837432
Patient control 7	0.6597278545616931	6.971702777631225	1.1152436953400335	0.7210292959597704	0.15632013282955606
Patient control 8	2.451282497832268	1.9948456223086992	1.933640291257458	37.36077389986357	1.9628387378783057
Patient control 9	2.8642462052364692	5.304134492963907	3.0626447396910805	1.8141330969612017	1.7098221068101083
Patient control 10	1.912150858571733	0.7527437547375091	0.1363967469678199	59.76947806809636	1.5892650416626963
Patient control 11	0.8901460351707786	20.34192785855216	1.9551031441728002	0.7534611974482742	0.7562598382042941
Patient control 12	1.1149861764897049	0.49338157237939856	1.81030550228943	0.288948045030449	2.2434334845532566
Patient control 13	8.794724361099291	3.5911856964930604	0.7393020450590642	1.469724494211186	0.4189270858871031
Patient control 14	0.37569635101801496	0.20797796887277012	0.9205236789368278	1.6586288485811747	0.6652519563660844
Patient control 15	0.4185590212630792	0.021439263624797294	4.913219108777376	2.143410193122968	1.2284529433139055
Patient control 16	14.158566493689515	1.1566474507155045	5.91137234464803	1.4469035341205725	3.53831307063299
Patient control 17	0.8706363583098823	0.8612720727160296	0.43997750385366785	79.0919256721155	1.1637233128066065
Patient control 18	0.9698409526528582	0.3787175573318816	6.088003889139715	1.2102588057544719	1.6748551757035302
Patient control 19	2.8222332328212345	0.10022489805625871	0.33878359141216163	10.55668427166219	0.13857049088199352
Patient control 20	2.294937896013409	2.7559025275999156	1.701361330830358	1.2856158559397655	2.3117033883962597
Patient control 21	0.021964223538234257	0.5807015786973962	2.204883387728418	0.09436984518496544	0.6083054862018507
Patient control 22	0.23327047137327153	1.1188726143403092	0.3463890416713671	35.3818364352805	1.029033839668215
Patient control 23	1.3144864801898626	0.33212171214986475	0.18627283719144583	17.55727026251939	1.382081238179923
Patient control 24	6.15854788526097	0.6453861651544818	0.4214176320854786	0.2833604852719017	0.36150045036401285
Patient control 25	13.6317183443265	0.9835232846966362	0.32942974666689206	0.37289484903108727	0.13264715010873715
Patient control 26	1.5859975817223402	0.139366373969033	1.1018905724475132	3.8981967017982324	1.3864811013447778
Patient control 27	14.708917348973255	2.752689452409473	0.5680494928006121	0.7603932345902551	0.24454527402987797
Patient control 28	1.5003201152239187	4.426236432960617	0.5523240291372702	1.1148357178442707	1.1653103986907822
Patient control 29	0.055877866280199744	0.09227065305163523	55.60812504490249	1.0458739906571457	0.33332718549589285
Patient control 30	0.2959384316129355	0.9988420621988187	1.1124038639332572	1.0132990276039469	0.24809270572834707
Patient control 31	1.5367767680482296	0.23550100106424715	1.9541308241623032	3.3265275800174203	0.1080842544108356
Patient control 32	0.7946533592109238	0.00046541690341987305	1.6072670807671563	1.3313410351923252	2.185855215421438
Patient control 33	0.2842129462778011	0.1342925916643988	12.883798814845427	0.9226701966997245	1.4988277830171717
Patient control 34	0.39589310084353235	0.5473939975451366	2.2420211375488805	2.829792021740455	7.51109750343849
Patient control 35	8.003134916025607	6.204400685678487	0.2387140748879041	0.32266637489555655	1.0371576644062959
Patient control 36	1.116723246562519	2.2264021998414956	0.134448955000016	0.2777231219273569	1.1069004223307974
Patient control 37	2.6323198463052933	0.2887042254796256	0.14394406485972167	0.49005947868861266	2.0770811172171983
Patient control 38	0.7946791203468273	0.8704430417168717	0.004704876635920984	0.5976200816126717	0.10424530829881691
Patient control 39	1.5381967869570254	0.15498535265321575	17.1673542571643	0.17206612716686098	4.493444770056587
Patient control 40	1.219799554494619	3.018688584906339	13.071759412117864	0.5243643565693614	3.617196179756213
Patient control 41	0.2877882165152601	1.3538369928125005	0.296844919125822	1.026881576076087	2.850218626789038
Patient control 42	0.08653233406288346	2.291439121228655	0.6419394985678248	1.3743372728824779	0.042646458010152946
Patient control 43	0.08009224080714432	1.8942911460401155	6.764286326767065	0.29518877753020956	0.7493295495418927
Patient control 44	0.6252343706436856	1.2272574960503186	0.16926426414008508	3.147955497611972	3.2524138710766963
Patient control 45	1.2750278576176648	0.6492128482456617	6.256407898835098	0.2283421901655333	0.9930651107860612
Patient control 46	2.0555252516953746	0.20252974947093746	0.046972052650620946	0.05245715085547511	2.47183625290467
Patient control 47	0.9079664767755325	1.3639949872940134	0.17150798446291227	0.44817112026094535	1.0409047959431166
Patient control 48	3.1760487083952365	1.4560986886645537	1.351220320553185	1.2527874571923765	3.486575794745381
Patient control 49	1.8914134646514817	5.052682792274212	1.770493280241877	0.18212113172283323	0.8844743470244636
Patient control 50	0.6487254918359493	1.072102493966591	1.3157636377623216	1.263795778873567	1.1622741434663897
Patient control 51	2.6612600764666867	3.5143434619592453	1.2874101439276353	0.09529270698362016	0.998806854279568
Patient control 52	6.887676763823064	0.08866479304961444	0.8077468846363781	1.901381418886666	3.3974479300029388
Patient control 53	1.318502287345797	0.6979043637060794	0.5298979987551213	0.5693742039980382	1.6998509173586538
Patient control 54	2.0445012180913986	0.5658436176566264	17.284482159821636	0.07262540019760343	0.3840575165274202
Patient control 55	10.840930621292035	0.9161236755868771	0.026108111743016065	0.5884675260476704	0.1773074319990743
Patient control 56	5.102910418218611	2.2260678882213067	1.763394083008526	1.1764758327085825	2.2099528219186446
Patient control 57	0.10881251393108986	0.9901897574869942	0.17917055430630743	3.7726962302898572	2.0169664489625596
Patient control 58	2.0300869242048396	1.3701327131602856	13.86448242530353	1.5591964816725328	3.420257110692072
Patient control 59	0.791088398539816	0.30576812349551985	2.1332872085769057	5.732859046379175	0.7090041361843515
Patient control 60	0.7252661257434189	1.0358785504270525	14.071851028600527	1.2245722442263784	0.4351358735580217
Patient control 61	0.11032709155198606	0.6637592449691057	0.06339869603792095	0.8957837582624092	0.4644094508464433
Patient control 62	0.5102535728162009	0.3295896659554203	0.049096162677984924	34.18593779987944	0.9715102770799215
Patient control 63	7.985243004459619	0.12651475315478514	1.9700927684243972	0.22461854595108438	1.0248958268051038
Patient control 64	0.01063236210380154	1.938043998775975	1.7763683476575156	220.82123260165028	0.5362781692906985
Patient control 65	4.400941734074846	3.5060529668539875	0.3159081249824277	0.8579956821214866	0.11772818422097776
Patient control 66	0.42355703506413855	0.5928024967603558	52.29321831295685	1.1121337263045459	0.46841809628702147
Patient control 67	0.06309605445592664	0.669594332682391	2.2360172432450085	0.615627056437059	1.7346025695281773
Patient control 68	2.755678910597961	1.6450031719284492	1.037854797514144	1.5047796000393072	2.684659196753718
Patient control 69	1.458103991922096	3.7509208596944084	0.9924436612778397	2.484009990480907	0.15034612056283228
Patient control 70	5.79279794018586	4.524672919749278	1.932175689667468	3.695648894352883	0.7636614655612265
Patient control 71	3.0446243403776196	1.02546888209774	0.7960696692538739	1.8996546632551028	0.11011076287010495
Patient control 72	0.4385511547450002	0.21084726236251022	2.5555817596314174	0.10317012938639081	0.27685337682297917
Patient control 73	0.86964429848124	2.814858357933543	36.510241678586375	1.0001956567038337	0.5371562204166829
Patient control 74	6.820704547249577	0.8785279971542165	4.2034220298277996	0.9799093128913307	3.099617239670821
Patient control 75	1.5437757087819373	0.9674275925358955	0.3363303569223522	0.33516605990066456	0.296979827771982
Patient control 76	7.051344816333472	1.2010848699440488	3.7078755607907743	1.5224753007243277	0.4226790259538864
Patient control 77	0.98482344218743	0.11352899460610191	0.29503718073113294	0.03243436003655693	1.6074309676931815
Patient control 78	0.22613079845986164	0.3457077693105223	0.002104878577987785	0.7255955467456562	7.1604512111051415
Patient control 79	1.5227509343261791	4.841758776720557	0.0017850845017220033	0.0766067484095478	0.32335887839066635
Patient control 80	0.04854308613021425	0.5614389801226263	2.296407582913209	0.16191859100821357	0.11914659612213652
Patient control 81	0.1415785020095952	4.236218324255203	0.9254062256400433	10.095305884878615	1.7541885286076844
Patient control 82	0.2646513635477843	0.014836796205178762	3.4222254846720674	2.2026094421528377	1.9875188411140214
Patient control 83	1.8777898405943947	4.397694217719823	0.18852614860222092	1.0299742591366277	3.0067870555448235
Patient control 84	15.176619729467104	1.4804964578127389	0.07398311887613977	0.11125427114228353	0.7524112315862315
Patient control 85	2.8352946446561655	0.24384492248753223	1.7907555598104412	35.684612295218294	1.1733677173009676
Patient control 86	0.4011231118805989	3.4936940185529246	2.0466180464676236	1.0292798353846353	1.0165920540035878
Patient control 87	3.0519367638095876	1.0300553496033404	1.1597912199434652	3.3790870746339494	4.481550706435095
Patient control 88	0.15641424564014764	1.8495920479473322	0.05795222657748015	4.2739625683080495	0.0874534401716674
Patient control 89	0.5116575838203109	0.3215951546027761	0.8004818638335308	120.22631920205565	1.4444134036972773
Patient control 90	0.4195620563373832	1.5680565335742358	1.238752754964809	2.279468914888348	0.5765458049025189
Patient control 91	0.6127637815202975	0.20381271642678964	1.040007723871459	23.602799372499998	0.15881211484688876
Patient control 92	0.564006385805551	14.779772832028806	0.8724264976435305	0.03396550505545266	0.13787901782987513
Patient control 93	1.6792356925998968	3.8496145577159875	0.3989281554079737	1.1889750965954524	0.906020670917115
Patient control 94	0.4063902395215029	0.6209728275023746	0.2734772827883767	40.05643412312772	1.1943832551249671
Patient control 95	12.20810765579512	1.1248506190152021	0.7346048062632188	0.6631406571679513	1.1558473190941119
Patient control 96	5.721699706713462	1.0149038608520384	0.5283380583219679	2.985058453516648	0.06374072275775301
Patient control 97	0.9847941349144793	0.40504713908093504	2.792231730268019	0.5481380670788815	0.5854533145452194
Patient control 98	0.7416582992203844	0.012439570912913483	31.07538889768954	1.8115819743001729	2.2970099412431506
Patient control 99	2.9988996066487172	2.7091291562148374	2.0954292294416574	0.05419335253095008	0.5699763308651941
Patient control 100	0.3618452141860489	0.830705414008929	9.303844230428751	0.5829756960886107	0.5515068493356008
Patient control 101	0.8797628088489315	0.45343483527275874	1.8276726334652003	50.97970950390229	2.6390308327538827
Patient control 102	0.0873330565866926	1.9022613277450446	0.5474527935731094	0.8015193196559789	0.5986460083078627
Patient control 103	1.5523826179669256	3.816546023183791	0.08949915017322081	0.09418536876121028	0.22357206294739643
Patient control 104	0.8215975829490892	2.3506814922382437	4.890205299700958	182.56775088851015	0.18272734584116582
Patient control 105	0.9312803842900829	0.13727293374361257	0.4043200469514467	13.41247779153145	0.6153746121357895
Patient control 106	0.5828580655389693	1.287894615324114	0.024136403036431667	13.323749918555967	0.977379176852468
Patient control 107	5.337352926683026	0.16652073162854764	0.17351260468362895	1.1446939624499628	0.2449290270563637
Patient control 108	3.374762517102836	0.20663900494947207	0.004398001025720981	0.156808621973567	3.3109116187658527
Patient control 109	12.772628669392624	15.7133516646734	0.7110154567374304	1.497480156115778	0.23192616863770246
Patient control 110	0.8738656688326598	10.610249222726523	0.16008407492152882	1.9936239624126302	2.303828953034505
Patient control 111	1.813215186662398	0.23174015381806898	0.2936788153429281	0.8247954051663405	0.14067376508635795
Patient control 112	1.355482574158982	0.10332996723204002	22.215881991071594	1.4010194469411525	1.365854582214998
Patient control 113	5.905742852081225	0.3418387842391096	1.9298825102973578	1.4573118073431675	1.1922381115149958
Patient control 114	3.8390725207320426	0.9291907547833265	2.1265117141766208	0.06427639703017736	1.5037595709325262
Patient control 115	0.15285433213641775	4.08443765369868	0.44642184418656106	1.6037245551166754	0.6049719330952781
Patient control 116	5.499067830836072	4.714388621564858	1.3881185460884333	0.01874222702159074	2.2792541010660163
Patient control 117	1.596637306112354	9.266614549351942	2.5600440641515494	1.0597499126661991	0.10884318328780652
Patient control 118	1.8020865782779134	0.1774899018674031	45.78442515589848	0.6639229012782129	1.1973555514223402
Patient control 119	0.17116827320314362	0.45641167379077735	1.1492610421068437	2.5408607809385892	3.18242032867043
Patient control 120	0.10601795185329198	2.231256818287694	11.723351773035791	1.1516989566756022	1.747945970708508
Patient control 121	0.5993065403089024	2.5556632301865614	8.355660266848249	0.9930546557030269	0.38463494549750354
Patient control 122	0.5013099921760048	2.060487508021597	17.170059430166063	1.08213875895904	0.11476884199590105
Patient control 123	2.4239824460680897	0.520513110662839	0.3699825653979613	1.0318041293883695	1.7498819029290984
Patient control 124	0.5447765301761014	0.7344250768799493	2.01991099982422	284.5289678451531	1.1892153520010624
Patient control 125	0.10367171960374674	0.6643134701554594	0.56416548764129	0.9543979303714502	1.3827517796135549
Patient control 126	0.2045404048377342	3.043626340286764	1.3444633366922885	1.4638389098900577	4.590036387011909
Patient control 127	0.08979349117241436	0.42997015945867667	38.81740698584493	0.1271325891206004	0.17691692376963872
Patient control 128	0.004195160135127051	0.3860137325526582	10.475885589472425	1.2860398775790767	0.530282615070108
Patient control 129	0.5385379086355566	0.23120701775726854	1.6915336025306056	132.07120643110878	0.6074095150363806
Patient control 130	2.125302759016217	0.9221269357528031	0.2762993036458684	0.04005374296127641	1.1383338442978035
Patient control 131	1.1367267152921803	2.1762708087970135	0.25853318310518264	1.492341070171759	2.1704191170161042
Patient control 132	0.7458094792913345	0.12028833673868602	15.141075490711458	0.3875941258183507	0.8904998887808755
Patient control 133	2.753779876974287	1.0482287693687113	1.3101567087762362	0.07358252172638809	0.0752588445353315
Patient control 134	6.158626332507592	1.5311787749194	1.5537615922431531	1.7201752227516496	0.5046276227880229
Patient control 135	0.4420342166421055	0.1194072835028974	0.33926354044567725	0.11623149016618643	0.4229112772761024
Patient control 136	0.4220961918651404	1.4065863038116495	0.020821625657646357	0.04300752628814853	1.508540820601269
Patient control 137	0.0956265265844543	0.5685181314320487	22.187028260818025	1.8024592289122656	1.9030033072117416
Patient control 138	0.6665005113721878	0.2577152990031151	13.445523603153681	0.2681616951613555	1.1169280951403668
Patient control 139	22.38695260570667	2.795407540994226	0.5622985986125616	2.353789932659661	1.6292904324745827
Patient control 140	1.4646532497894906	0.5860165687650332	84.77115190719131	0.25678594173017666	0.9609478229728058
Patient control 141	1.9666549836632956	0.07752911552427205	0.0695758535598024	0.3365946402956596	0.7476524391001043
Patient control 142	0.3058980749605707	0.35591978723379114	1.8741218929462184	9.658914925901033	3.597600746900758
Patient control 143	9.445540468658795	4.957563779271607	0.24525457189681302	0.1916126025801453	1.3860095561531836
Patient control 144	0.9012563910815509	13.383143819126236	2.039486377575431	0.25735807637918723	1.3299921201236218
Patient control 145	2.7536013021232817	3.669017338188984	0.01950449017654682	2.7195198089870463	2.090644241619464
Patient control 146	1.618751161707681	0.36654822865699216	1.398508642348771	0.4356077640435626	2.288866500315675
Patient control 147	5.423634690219429	4.913896044542528	1.2578698919478541	0.02599644112466425	0.7421243791166856
Patient control 148	0.3354303348375759	0.2232322788388032	1.5984435954399223	4.099496494865592	0.250325475458805
Patient control 149	1.1200553930080765	0.7400699938880768	2.2951231058150157	36.31487887243148	0.13744022554529547
Patient control 150	0.23329504107760235	0.4272285801332305	3.0578758614742743	0.41943871506089503	0.737042670911496
Patient control 151	2.0272314880953304	0.317036396557932	1.2404723482203248	2.1155967264538122	1.3374144827180454
Patient control 152	5.646381711866865	1.8077494765332491	0.42631478193049943	0.5347275824661138	2.877519823336797
Patient control 153	22.845182725124392	2.1881764515119544	0.019771404108165875	0.20539053758222822	2.684707543340321
Patient control 154	0.47534138363376044	0.7057055475269287	0.5620086902210938	0.9036689376769707	0.3551932721544052
Patient control 155	0.7922314229224985	4.729471180643713	0.44563204853089117	1.8668555246564376	0.4582688761244401
Patient control 156	14.215226811870386	8.141231400778176	1.1325985346084027	0.6259261629118208	0.8762946246513669
Patient control 157	1.7996706532117954	0.060380742149702335	0.18239973128654435	0.006919190723443791	0.7653329309686996
Patient control 158	2.194195181248055	4.436255536143582	0.8128479614595175	2.1282685447918674	0.8684647870990009
Patient control 159	3.2007607405176675	4.3380277713373205	0.31441656699910947	1.471347517104056	0.791162019939991
Patient control 160	16.63085360922071	0.7481096368794384	1.4364085165024119	0.6737574306028955	0.5113798378724509
Patient control 161	12.374833438672326	1.1735863183362578	0.18713567070669795	1.4725462362297845	3.657755308021251
Patient control 162	0.1590458819651207	1.958246335019398	1.6147447211294628	0.07473326409959527	1.269913710330976
Patient control 163	1.580744012377382	10.253338354735792	0.4605617529491277	0.06261208289862975	2.9988567426889645
Patient control 164	0.10876358093667665	4.926081731230758	0.10214244698878404	0.06438517731573716	0.5976752400661036
Patient control 165	1.5248906591500484	0.34696345755985575	1.6181921008726685	17.881280791816426	0.10888426561034505
Patient control 166	1.760800411572019	2.4481488987227613	0.4794549195646293	0.38565963200521847	1.4379738729936309
Patient control 167	5.370261453604225	2.386410530817341	0.25159397850125104	3.8939958453568986	1.5412692275929665
Patient control 168	0.5173264259876039	0.7025138215945549	2.6835272848486995	0.7264993155677058	2.7383893903606453
Patient control 169	0.06505169717980328	0.894976447732487	0.1168204604270238	1.9049111969168502	0.5726965728722702
Patient control 170	0.1857044740127967	2.390090254974416	0.15938105287458024	83.79857561095754	0.13374113812917945
Patient control 171	0.9744558015328944	0.19166186251020914	2.1337254562659242	0.07836031017697842	2.643964327399387
Patient control 172	0.6230098537738089	0.10988501836126727	11.860999105328261	1.82408619669781	0.318223549234883
Patient control 173	2.964579120640888	3.1880025538968138	0.1831482102736315	2.2539230441119553	1.4575862570883844
Patient control 174	1.5360067289751496	1.79730603476977	0.6833807646178255	0.10275808073754318	0.03325477959257287
Patient control 175	1.518000025880687	0.2391018247836901	1.551644409163739	0.6079432794350067	4.8457374773648505
Patient control 176	1.106770815123174	1.292312300009866	0.06215000322673545	3.877062911812935	0.5832758751917286
Patient control 177	0.9710247720544342	1.8244974533396607	0.9068030487202196	0.4320656458936603	3.1334716533468137
Patient control 178	6.353605109676011	1.552323636896088	0.03415356314577268	0.692979881375014	0.23764779432390642
Patient control 179	2.798173949613276	4.237046287713301	1.9131545727300363	0.5970393084386081	2.1016258763695834
Patient control 180	4.1269036944093855	1.8195449294359038	0.7147434648525575	55.15244072779652	0.5777583963201439
Patient control 181	5.201485678391301	2.257838997325891	1.7285630021111116	0.4254333927376311	4.112090765851061
Patient control 182	0.7593287002820165	2.536251043534224	0.46295856436041627	1.1298267244189826	2.565188363993321
Patient control 183	2.726056353292709	0.13111877546402761	0.31492487094329763	45.720888633680005	2.0013838297912603
Patient control 184	1.6636323939892268	0.2333632532720799	3.5686401241009142	0.3925958137073397	0.3832063543421106
Patient control 185	1.5509343459571578	0.02041837834883674	0.12489939941643576	0.5755702222852872	2.6154145733776777
Patient control 186	0.024346650669293708	3.9779078231075538	1.6407956136064528	88.49513344736604	0.38937478577721113
Patient control 187	0.7745502030791879	15.024595161227749	1.6807861987856365	3.732979542155107	0.011928389792947625
Patient control 188	2.396739856958204	3.225752039064271	53.33969967237259	3.90627930886549	0.05186755426924059
Patient control 189	0.37002143261924536	1.1864308862726376	0.7994290553016833	20.283054912045166	0.03969847993990381
Patient control 190	5.159090884048999	0.5444935401126915	1.2529248028992557	1.3281677821206015	0.9727026966238482
Patient control 191	0.29396105944368806	1.2038672901534535	0.34438451851946594	0.7086132399345985	1.9353097568957962
Patient control 192	0.081885922668623	1.5126236513807376	0.698086972880957	1.768572406348729	1.2710458625626802
Patient control 193	7.975792854828702	2.665249262848945	0.5793240423061127	0.40638558383380924	1.9362777185591005
Patient control 194	0.27486175194031776	1.5659536265483882	2.3350933104952647	186.584161156283	0.27477301126088954
Patient control 195	1.4068547029817258	0.5762337704194479	0.609991414661181	44.09102877908877	0.12979252444550288
Patient control 196	0.6399796527024428	0.28705554523201215	8.816187180205937	1.3624226154327357	2.161315540316662
Patient control 197	6.800345994244431	0.037333832588444554	2.0907177293107573	0.8848084976200156	0.5475201734285833
Patient control 198	1.1592326741831305	0.790082434643813	1.9445026761369741	0.027151711534004145	0.5405646239070357
Patient control 199	1.3887589702745071	3.10842371322153	0.80411840629704	18.598170359869545	1.7791031043347794
Patient control 200	4.920921437780343	6.287086364689147	0.21943356124415334	1.226091806406373	0.544225652616725
